{
  "timestamp": "2025-11-17T21:15:55.131149",
  "model": "DINO + Logistic Regression",
  "metrics": {
    "train_accuracy": 1.0,
    "val_accuracy": 0.8068181818181818,
    "precision": 0.8055512016718912,
    "recall": 0.8068181818181818,
    "f1": 0.8060746452407179
  }
}