{
  "timestamp": "2025-11-17T20:48:22.420187",
  "model": "../models/yolo/best0.1.pt",
  "metrics": {
    "mAP50": 0.9768514087606797,
    "mAP50-95": 0.7214585305856804,
    "precision": 0.9630509182213013,
    "recall": 0.9563905094065657,
    "f1": 0.9597091580964886
  },
  "per_class": {
    "without_helmet": {
      "mAP50": 0.7016015267455183,
      "precision": 0.979968948972541,
      "recall": 0.9592926467201079
    },
    "with_helmet": {
      "mAP50": 0.7413155344258424,
      "precision": 0.9461328874700615,
      "recall": 0.9534883720930233
    }
  }
}